{"cameraMode":{"drawMode":0,"name":"Shaded","section":"Shading Mode"},"sceneLighting":false,"audioPlay":false,"sceneViewState":{"m_AlwaysRefresh":false,"showFog":true,"showSkybox":false,"showFlares":true,"showImageEffects":true,"showParticleSystems":true,"showVisualEffectGraphs":true,"m_FxEnabled":false},"in2DMode":false,"pivot":{"x":-0.0030295599717646839,"y":0.00586811313405633,"z":-0.23281443119049073},"rotation":{"x":0.013236950151622296,"y":-0.8161963224411011,"z":0.018571384251117708,"w":0.5773014426231384},"size":0.5153984427452087,"orthographic":false}