{"cameraMode":{"drawMode":0,"name":"Shaded","section":"Shading Mode"},"sceneLighting":false,"audioPlay":false,"sceneViewState":{"m_AlwaysRefresh":false,"showFog":true,"showSkybox":false,"showFlares":true,"showImageEffects":true,"showParticleSystems":true,"showVisualEffectGraphs":true,"m_FxEnabled":false},"in2DMode":false,"pivot":{"x":-0.9525914192199707,"y":-0.0749732181429863,"z":0.06736518442630768},"rotation":{"x":0.0012079182779416442,"y":-0.9955321550369263,"z":0.09316280484199524,"w":0.012548772618174553},"size":0.953062117099762,"orthographic":false}