{"cameraMode":{"drawMode":0,"name":"Shaded","section":"Shading Mode"},"sceneLighting":false,"audioPlay":false,"sceneViewState":{"m_AlwaysRefresh":false,"showFog":true,"showSkybox":false,"showFlares":true,"showImageEffects":true,"showParticleSystems":true,"showVisualEffectGraphs":true,"m_FxEnabled":false},"in2DMode":false,"pivot":{"x":-0.001829021843150258,"y":0.0199295524507761,"z":-0.4029599726200104},"rotation":{"x":0.004544801544398069,"y":-0.8731088638305664,"z":0.008124853484332562,"w":0.48735806345939639},"size":0.9611589312553406,"orthographic":false}