{"cameraMode":{"drawMode":0,"name":"Shaded","section":"Shading Mode"},"sceneLighting":false,"audioPlay":false,"sceneViewState":{"m_AlwaysRefresh":false,"showFog":true,"showSkybox":false,"showFlares":true,"showImageEffects":true,"showParticleSystems":true,"showVisualEffectGraphs":true,"m_FxEnabled":false},"in2DMode":false,"pivot":{"x":-1.9717837572097779,"y":-1.9947617053985596,"z":-0.3942013382911682},"rotation":{"x":0.057177454233169559,"y":-0.9381147623062134,"z":0.18852372467517854,"w":0.28466641902923586},"size":4.439659118652344,"orthographic":false}