{"cameraMode":{"drawMode":0,"name":"Shaded","section":"Shading Mode"},"sceneLighting":false,"audioPlay":false,"sceneViewState":{"m_AlwaysRefresh":false,"showFog":true,"showSkybox":false,"showFlares":true,"showImageEffects":true,"showParticleSystems":true,"showVisualEffectGraphs":true,"m_FxEnabled":false},"in2DMode":false,"pivot":{"x":-1.0383297204971314,"y":-0.8857101798057556,"z":-0.9427304267883301},"rotation":{"x":0.06347211450338364,"y":-0.9218969345092773,"z":0.1708841174840927,"w":0.34199315309524538},"size":2.7234983444213869,"orthographic":false}