{"cameraMode":{"drawMode":0,"name":"Shaded","section":"Shading Mode"},"sceneLighting":false,"audioPlay":false,"sceneViewState":{"m_AlwaysRefresh":false,"showFog":true,"showSkybox":false,"showFlares":true,"showImageEffects":true,"showParticleSystems":true,"showVisualEffectGraphs":true,"m_FxEnabled":false},"in2DMode":false,"pivot":{"x":-0.0026294589042663576,"y":0.3485955595970154,"z":0.15942621231079102},"rotation":{"x":-0.061256665736436847,"y":0.936846911907196,"z":-0.210276260972023,"w":-0.27263522148132326},"size":1.1015931367874146,"orthographic":false}