{"cameraMode":{"drawMode":0,"name":"Shaded","section":"Shading Mode"},"sceneLighting":false,"audioPlay":false,"sceneViewState":{"m_AlwaysRefresh":false,"showFog":true,"showSkybox":false,"showFlares":true,"showImageEffects":true,"showParticleSystems":true,"showVisualEffectGraphs":true,"m_FxEnabled":false},"in2DMode":false,"pivot":{"x":0.27846142649650576,"y":-2.9122753143310549,"z":1.8231619596481324},"rotation":{"x":-0.28547894954681399,"y":-0.04254859685897827,"z":0.012637115083634854,"w":-0.9573150277137756},"size":3.1521029472351076,"orthographic":false}