{"cameraMode":{"drawMode":0,"name":"Shaded","section":"Shading Mode"},"sceneLighting":false,"audioPlay":false,"sceneViewState":{"m_AlwaysRefresh":false,"showFog":true,"showSkybox":false,"showFlares":true,"showImageEffects":true,"showParticleSystems":true,"showVisualEffectGraphs":true,"m_FxEnabled":false},"in2DMode":false,"pivot":{"x":0.6042647361755371,"y":0.049853693693876269,"z":-0.14634980261325837},"rotation":{"x":0.020846720784902574,"y":-0.9625604748725891,"z":0.25895416736602785,"w":0.07726505398750305},"size":0.6930388808250427,"orthographic":false}