{"cameraMode":{"drawMode":0,"name":"Shaded","section":"Shading Mode"},"sceneLighting":false,"audioPlay":false,"sceneViewState":{"m_AlwaysRefresh":false,"showFog":true,"showSkybox":false,"showFlares":true,"showImageEffects":true,"showParticleSystems":true,"showVisualEffectGraphs":true,"m_FxEnabled":false},"in2DMode":false,"pivot":{"x":-0.3136374056339264,"y":0.033794134855270389,"z":0.45212113857269289},"rotation":{"x":-0.027622396126389505,"y":-0.9463033080101013,"z":0.08428068459033966,"w":-0.31085696816444399},"size":0.8476907014846802,"orthographic":false}