{"cameraMode":{"drawMode":0,"name":"Shaded","section":"Shading Mode"},"sceneLighting":false,"audioPlay":false,"sceneViewState":{"m_AlwaysRefresh":false,"showFog":true,"showSkybox":false,"showFlares":true,"showImageEffects":true,"showParticleSystems":true,"showVisualEffectGraphs":true,"m_FxEnabled":false},"in2DMode":false,"pivot":{"x":-0.727398693561554,"y":-0.10053227841854096,"z":0.6869227886199951},"rotation":{"x":0.014649673365056515,"y":-0.4904290735721588,"z":0.00824020430445671,"w":0.8712625503540039},"size":0.9611589312553406,"orthographic":false}