{"cameraMode":{"drawMode":0,"name":"Shaded","section":"Shading Mode"},"sceneLighting":false,"audioPlay":false,"sceneViewState":{"m_AlwaysRefresh":false,"showFog":true,"showSkybox":false,"showFlares":true,"showImageEffects":true,"showParticleSystems":true,"showVisualEffectGraphs":true,"m_FxEnabled":false},"in2DMode":false,"pivot":{"x":-0.15211236476898194,"y":-1.1920928955078126e-7,"z":-2.384185791015625e-7},"rotation":{"x":0.00013276582467369735,"y":0.9948819875717163,"z":-0.10063521564006806,"w":0.0017963008722290397},"size":0.854065477848053,"orthographic":false}