{"cameraMode":{"drawMode":0,"name":"Shaded","section":"Shading Mode"},"sceneLighting":false,"audioPlay":false,"sceneViewState":{"m_AlwaysRefresh":false,"showFog":true,"showSkybox":false,"showFlares":true,"showImageEffects":true,"showParticleSystems":true,"showVisualEffectGraphs":true,"m_FxEnabled":false},"in2DMode":false,"pivot":{"x":-0.2502056062221527,"y":-1.312812328338623,"z":-1.3786066770553589},"rotation":{"x":0.05247466638684273,"y":-0.9475839734077454,"z":0.22766859829425813,"w":0.21810327470302583},"size":3.6463606357574465,"orthographic":false}