{"cameraMode":{"drawMode":0,"name":"Shaded","section":"Shading Mode"},"sceneLighting":false,"audioPlay":false,"sceneViewState":{"m_AlwaysRefresh":false,"showFog":true,"showSkybox":false,"showFlares":true,"showImageEffects":true,"showParticleSystems":true,"showVisualEffectGraphs":true,"m_FxEnabled":false},"in2DMode":false,"pivot":{"x":0.00044977664947509766,"y":0.027006030082702638,"z":0.5174977779388428},"rotation":{"x":-0.16009452939033509,"y":-0.7605264186859131,"z":0.2045906037092209,"w":-0.5949988961219788},"size":4.400701999664307,"orthographic":false}