{"cameraMode":{"drawMode":0,"name":"Shaded","section":"Shading Mode"},"sceneLighting":false,"audioPlay":false,"sceneViewState":{"m_AlwaysRefresh":false,"showFog":true,"showSkybox":false,"showFlares":true,"showImageEffects":true,"showParticleSystems":true,"showVisualEffectGraphs":true,"m_FxEnabled":false},"in2DMode":false,"pivot":{"x":-0.0909588634967804,"y":-0.31825098395347597,"z":-0.46687406301498415},"rotation":{"x":0.009968974627554417,"y":-0.9810235500335693,"z":0.18643900752067567,"w":0.05214483663439751},"size":0.8476906418800354,"orthographic":false}